id,name,email,user_name,password,date_of_birth,account_state
1,Nelly Roder,nroder0@gov.uk,nroder0,eH8/$>fzy,2006-04-09T09:58:14Z,false
2,Lay Mazella,lmazella1@mediafire.com,lmazella1,aC2?/&XU=>!!G+31,2022-11-21T01:54:59Z,false
3,Skippy Perris,sperris2@cyberchimps.com,sperris2,"tY6)kj<7boz3&""O4",1993-03-03T08:28:50Z,false
4,Barn Studeart,bstudeart3@dot.gov,bstudeart3,"vH7,iIRs/pZ",1993-03-18T21:44:10Z,false
5,Linnell Heakey,lheakey4@state.tx.us,lheakey4,wT6(gZn4,2021-07-08T02:00:11Z,true
6,Urbano Moohan,umoohan5@zimbio.com,umoohan5,tT5\M_Jv5T<fhTu*,2009-11-23T16:11:48Z,false
7,Yolanthe Sterricker,ysterricker6@time.com,ysterricker6,kQ6@#CP5y'LJo>',2011-07-05T14:43:21Z,true
8,Grant Spuner,gspuner7@yandex.ru,gspuner7,fL2&fr>$N{z,2001-05-29T05:12:25Z,false
9,Trudi Peek,tpeek8@booking.com,tpeek8,wE4|@$O(mmU1_,1994-11-18T05:44:38Z,true
10,Katie Binch,kbinch9@twitpic.com,kbinch9,"pL0+jXn,WidAuU",2020-12-28T09:42:51Z,true
11,Travus Riggulsford,triggulsforda@w3.org,triggulsforda,wJ2#Ucw3,1997-05-08T00:08:45Z,false
12,Carina Nock,cnockb@nasa.gov,cnockb,jO5+}%D4,2023-07-14T03:11:57Z,false
13,Brandtr Spondley,bspondleyc@cbsnews.com,bspondleyc,uJ9'2D<XQS&avw,2025-01-24T07:54:50Z,true
14,Randall Delle,rdelled@bloglines.com,rdelled,rD0{YXSJ,2017-09-29T09:55:49Z,true
15,Derk Brabant,dbrabante@geocities.jp,dbrabante,aU8~S|9DIK(|Wj$,2004-08-02T13:57:06Z,true
16,Jenda Schaffel,jschaffelf@4shared.com,jschaffelf,bQ3=b7uO,2017-09-24T23:39:42Z,false
17,Jada Ledger,jledgerg@sina.com.cn,jledgerg,yP6'Go?f$#,2022-04-24T16:33:50Z,false
18,Stan Ferreira,sferreirah@oaic.gov.au,sferreirah,iA7%c5\2~<U/,2017-08-07T13:19:12Z,true
19,Shannon Yellowley,syellowleyi@reddit.com,syellowleyi,fI3`ZC3Sh,2022-12-09T10:29:50Z,false
20,Horten Whitcher,hwhitcherj@merriam-webster.com,hwhitcherj,lE7@~gZJ0zU1HaX,2003-05-29T08:20:54Z,true
21,Danica Stranger,dstrangerk@eventbrite.com,dstrangerk,aN5$S?>M|jfO~%,2019-01-22T00:01:29Z,false
22,Susy Whightman,swhightmanl@people.com.cn,swhightmanl,sV1@_O0)AwuRA,1992-05-01T03:58:26Z,false
23,Katharyn Nineham,kninehamm@thetimes.co.uk,kninehamm,nM8$eq9j/DNm,1991-07-20T04:37:42Z,false
24,Dedie Skinner,dskinnern@prweb.com,dskinnern,zP5*F+Vz4P,2014-11-02T04:03:46Z,true
25,Logan Pacitti,lpacittio@xinhuanet.com,lpacittio,xA2.(hmbhj1b?,1995-06-13T14:58:57Z,false
26,Dimitri Daen,ddaenp@mozilla.org,ddaenp,mD6\(NHu%hy*,2020-01-04T08:17:02Z,true
27,Bob Tiebe,btiebeq@guardian.co.uk,btiebeq,pH4'UqSY6n/EfyC,1993-09-21T11:47:07Z,true
28,Boycey Christy,bchristyr@pinterest.com,bchristyr,qC8<T+f=VX/pW,1994-10-30T08:18:10Z,true
29,Suzann Aishford,saishfords@imgur.com,saishfords,nY1~4?inj7e.8,2019-01-03T08:52:04Z,true
30,Fletcher Hover,fhovert@ezinearticles.com,fhovert,"cM7""RHlZu",2018-07-24T04:10:21Z,true
31,Jeramie Rabley,jrableyu@prweb.com,jrableyu,"jJ4/I2)X$2*""g~",2007-02-24T13:03:00Z,false
32,Ottilie Imbrey,oimbreyv@about.com,oimbreyv,iW1)Tz*VBZ\,2013-04-01T05:08:39Z,false
33,Yardley Maccrie,ymaccriew@jimdo.com,ymaccriew,sL5+uN+IaC,1991-04-28T14:34:54Z,true
34,Cullie Jina,cjinax@google.co.uk,cjinax,"cM5$kd#ZR0""p!",1995-08-25T14:36:09Z,true
35,Loleta Ivoshin,livoshiny@icq.com,livoshiny,nW1~t9l@{A,2018-06-27T14:17:37Z,false
36,Aurie Rentalll,arentalllz@tuttocitta.it,arentalllz,"eJ1`ji6""7Ncct/q",2004-04-29T08:44:29Z,false
37,Edmon Klich,eklich10@bloomberg.com,eklich10,vF3%(?<1JK*ia,2020-01-22T13:38:47Z,true
38,Kaiser Edmeades,kedmeades11@sogou.com,kedmeades11,lI2%2_VE,1991-07-21T14:15:55Z,true
39,Ray Bucky,rbucky12@usa.gov,rbucky12,lQ0<Z?34(P9l4<yb,2012-12-31T03:37:41Z,false
40,Con Burnup,cburnup13@ucoz.ru,cburnup13,"qP2{o""NRjfNu*(r",2007-02-25T04:22:14Z,true
41,Melamie Wilsone,mwilsone14@bing.com,mwilsone14,gP3<{<rpw34,2025-03-17T07:57:19Z,true
42,Raymund Loftin,rloftin15@yandex.ru,rloftin15,cL9/TEtod?r@Y*|,2012-06-03T15:25:58Z,false
43,Gus Gages,ggages16@ebay.co.uk,ggages16,yZ3.jt+>},1999-01-18T08:33:33Z,false
44,Evered Rowsell,erowsell17@sitemeter.com,erowsell17,eT0'N7Y$),1996-05-11T06:57:33Z,true
45,Arvin Gierth,agierth18@drupal.org,agierth18,bX1{{e<IQF67?Q,2018-03-20T10:47:55Z,true
46,Josey Woolsey,jwoolsey19@earthlink.net,jwoolsey19,"uF6""w8ty",2023-03-31T13:03:16Z,false
47,Stanley Drohane,sdrohane1a@discuz.net,sdrohane1a,jA6(}.Sw/,2013-07-29T03:46:29Z,false
48,Lettie Weekes,lweekes1b@taobao.com,lweekes1b,sE4$vT!.bp,2005-04-06T15:03:55Z,false
49,Jeno Worshall,jworshall1c@ebay.co.uk,jworshall1c,rO6{cNl42f,1993-12-05T12:39:00Z,true
50,Dareen Garz,dgarz1d@yelp.com,dgarz1d,sT4@<G&mO&,1996-04-06T02:48:00Z,false
